동사구	빈도	그룹ID	그룹명
따르다	14802	REF	준거참조
하다	9287	GENERIC	일반경량동사
관하다	8571	REF	준거참조
정하다	6957	DELE	위임고시
같다	3665	DEF	정의지칭
해당하다	3364	DEF	정의지칭
대하다	3326	REF	준거참조
말하다	2611	DEF	정의지칭
필요하다	2136	NEED	필요당위
위하다	2110	REF	준거참조
시행하다	1599	ENACT	시행공포
고시하다	1502	DELE	위임고시
개정하다	1448	ENACT	시행공포
포함하다	1318	INC	포함구성
위반하다	1310	VIOLATE	위반침해
의하다	1256	REF	준거참조
제외하다	1192	EXC	예외배제
적용하다	882	APPLY	적용운용
보다	829	DEEM	간주의제
발행하다	710	ISSUE	발행거래
준용하다	664	REF	준거참조
제출하다	643	SUBMIT	제출신청
초과하다	618	EXCEED	기준초과
공포하다	589	ENACT	시행공포
불구하다	560	EXC	예외배제
갖추다	539	MEET	요건충족
요구하다	507	DEMAND	요구명령
수행하다	477	MANAGE	관리수행
인정되다	456	DEEM	간주의제
발생하다	448	OCCUR	발생변동
취득하다	443	ACQUIRE	취득보유
경과하다	422	PERIOD	기간경과
확인하다	405	INSPECT	검사확인
관련하다	400	RELATE	소속관련
관련되다	397	RELATE	소속관련
한정하다	393	EXC	예외배제
삭제하다	393	REPEAL	폐지삭제
제공하다	364	PROVIDE	제공공급
인하다	356	REF	준거참조
운용하다	354	APPLY	적용운용
보고하다	351	REPORT	보고공시
소유하다	344	ACQUIRE	취득보유
건전하다	340	STATE_POS	긍정상태
인정하다	331	DEEM	간주의제
이용하다	319	USE	이용영위
영위하다	318	USE	이용영위
통지하다	315	REPORT	보고공시
통하다	311	REF	준거참조
보유하다	309	ACQUIRE	취득보유
규정하다	302	DELE	위임고시
준하다	302	REF	준거참조
설립되다	299	ESTABLISH	설립등록
고려하다	295	CONSIDER	고려참작
지급하다	281	PAY	지급납부
속하다	278	RELATE	소속관련
신청하다	275	SUBMIT	제출신청
충족하다	272	MEET	요건충족
통보하다	265	REPORT	보고공시
요청하다	252	DEMAND	요구명령
변경하다	249	CHANGE	변경수정
적다	249	GENERIC	일반경량동사
그러하다	248	DEF	정의지칭
알다	246	GENERIC	일반경량동사
기재하다	246	SUBMIT	제출신청
체결하다	242	CONTRACT	계약위탁
포함되다	240	INC	포함구성
행사하다	239	AUTHORITY	권한부여행사
적합하다	235	MEET	요건충족
처리하다	210	MANAGE	관리수행
정당하다	207	STATE_POS	긍정상태
위탁하다	201	CONTRACT	계약위탁
등록하다	200	ESTABLISH	설립등록
관리하다	196	MANAGE	관리수행
작성하다	195	SUBMIT	제출신청
사용하다	195	USE	이용영위
결정하다	194	DECIDE	결정확정
신고하다	192	REPORT	보고공시
해치다	188	VIOLATE	위반침해
투자하다	188	USE	이용영위
명하다	186	DEMAND	요구명령
이행하다	185	MANAGE	관리수행
상당하다	181	UNCLASSIFIED	미분류
첨부하다	180	SUBMIT	제출신청
신설하다	179	ENACT	시행공포
청구하다	177	SUBMIT	제출신청
미치다	174	OCCUR	발생변동
부과하다	171	SANCTION	부과제재
공시하다	170	REPORT	보고공시
두다	166	MANAGE	관리수행
알리다	166	REPORT	보고공시
증명하다	160	INSPECT	검사확인
거치다	157	MANAGE	관리수행
유지하다	157	MANAGE	관리수행
가지다	155	ACQUIRE	취득보유
방지하다	154	RESTRICT	제한금지
보호하다	152	PROTECT	보호지원
지정하다	150	SELECT	선정지정
지나다	148	PERIOD	기간경과
표시하다	148	REPORT	보고공시
산정하다	148	INSPECT	검사확인
준수하다	147	OBSERVE	준수이행
선임하다	146	APPOINT	선임임명
공정하다	141	STATE_POS	긍정상태
행하다	139	APPLY	적용운용
한하다	132	EXC	예외배제
중대하다	131	STATE_NEG	부정상태
판매하다	131	ISSUE	발행거래
동일하다	128	STATE_NEUTRAL	중립비교상태
표시되다	128	REPORT	보고공시
불가피하다	127	NEED	필요당위
특별하다	123	STATE_NEUTRAL	중립비교상태
중요하다	123	STATE_NEUTRAL	중립비교상태
처분하다	123	DISPOSE	처분양도
상장되다	123	ISSUE	발행거래
취소하다	120	CANCEL	취소종료
출자하다	119	DISPOSE	처분양도
공고하다	119	REPORT	보고공시
이루어지다	113	OCCUR	발생변동
부당하다	112	STATE_NEG	부정상태
응하다	110	DEMAND	요구명령
변경되다	110	CHANGE	변경수정
실시하다	109	APPLY	적용운용
개정되다	106	ENACT	시행공포
적절하다	106	STATE_POS	긍정상태
규정되다	103	DELE	위임고시
유사하다	103	STATE_NEUTRAL	중립비교상태
지배하다	103	RELATE	소속관련
매수하다	102	ACQUIRE	취득보유
가능하다	99	POSSIBLE	가능
도래하다	98	PERIOD	기간경과
설정하다	97	CONTRACT	계약위탁
부정하다	97	UNCLASSIFIED	미분류
크다	97	STATE_NEUTRAL	중립비교상태
발행되다	96	ISSUE	발행거래
해하다	96	UNCLASSIFIED	미분류
종사하다	94	USE	이용영위
인용하다	94	REF	준거참조
주다	92	GENERIC	일반경량동사
끝나다	92	PERIOD	기간경과
구분하다	92	INC	포함구성
연장하다	91	PERIOD	기간경과
모집하다	90	ISSUE	발행거래
운영하다	89	APPLY	적용운용
등록되다	89	ESTABLISH	설립등록
주되다	88	UNCLASSIFIED	미분류
경영하다	87	USE	이용영위
평가하다	83	INSPECT	검사확인
곤란하다	83	DIFFICULT	곤란
지다	83	GENERIC	일반경량동사
이전하다	82	DISPOSE	처분양도
납부하다	81	PAY	지급납부
취급하다	80	USE	이용영위
설치하다	79	ESTABLISH	설립등록
합병하다	79	UNCLASSIFIED	미분류
적정하다	78	STATE_POS	긍정상태
설립하다	78	ESTABLISH	설립등록
징수하다	77	PAY	지급납부
시정하다	77	SANCTION	부과제재
처하다	76	SANCTION	부과제재
양도하다	75	DISPOSE	처분양도
갈음하다	74	CANCEL	취소종료
담당하다	74	MANAGE	관리수행
기재되다	74	SUBMIT	제출신청
다르다	73	STATE_NEUTRAL	중립비교상태
교부하다	73	CONTRACT	계약위탁
계산하다	72	UNCLASSIFIED	미분류
대행하다	71	AUTHORITY	권한부여행사
송부하다	70	REPORT	보고공시
매매하다	70	ISSUE	발행거래
선임되다	70	APPOINT	선임임명
매도하다	70	DISPOSE	처분양도
밝히다	68	REPORT	보고공시
제한하다	67	RESTRICT	제한금지
취하다	67	UNCLASSIFIED	미분류
부담하다	67	PAY	지급납부
예탁하다	67	CONTRACT	계약위탁
거부하다	65	RESTRICT	제한금지
인수하다	65	ACQUIRE	취득보유
의결하다	64	DECIDE	결정확정
회피하다	63	RESTRICT	제한금지
소속되다	62	RELATE	소속관련
종료되다	62	CANCEL	취소종료
비추다	62	REF	준거참조
공포되다	61	ENACT	시행공포
검토하다	61	INSPECT	검사확인
배상하다	60	PAY	지급납부
충분하다	60	STATE_POS	긍정상태
출석하다	59	UNCLASSIFIED	미분류
누설하다	59	CONCEAL	은닉조작
접수하다	59	SUBMIT	제출신청
지원하다	59	PROTECT	보호지원
구성하다	58	INC	포함구성
확정되다	58	DECIDE	결정확정
제시하다	58	UNCLASSIFIED	미분류
계속하다	58	PERIOD	기간경과
보증하다	57	PAY	지급납부
협의하다	57	DECIDE	결정확정
마련하다	57	DELE	위임고시
동의하다	57	CONSENT	승인동의
확보하다	57	MEET	요건충족
결의하다	57	DECIDE	결정확정
대리하다	56	AUTHORITY	권한부여행사
비슷하다	55	STATE_NEUTRAL	중립비교상태
추천하다	55	APPOINT	선임임명
소집하다	55	CONVENE	소집개최
개설하다	54	ESTABLISH	설립등록
제출받다	53	SUBMIT	제출신청
남다	53	GENERIC	일반경량동사
미달하다	53	SHORTFALL	기준미달
일정하다	53	STATE_NEUTRAL	중립비교상태
중개하다	53	ISSUE	발행거래
등기하다	53	ESTABLISH	설립등록
판단하다	52	DEEM	간주의제
합산하다	52	INSPECT	검사확인
거래하다	52	ISSUE	발행거래
심사하다	51	INSPECT	검사확인
권고하다	51	DEMAND	요구명령
저해하다	51	VIOLATE	위반침해
권유하다	51	DEMAND	요구명령
설치되다	50	ESTABLISH	설립등록
제공되다	50	PROVIDE	제공공급
통보받다	49	REPORT	보고공시
공표하다	49	REPORT	보고공시
제정하다	48	DELE	위임고시
만료되다	48	PERIOD	기간경과
상장하다	48	ISSUE	발행거래
판단되다	47	DEEM	간주의제
시작하다	47	PERIOD	기간경과
취소되다	47	CANCEL	취소종료
붙이다	47	SUBMIT	제출신청
내다	47	GENERIC	일반경량동사
빼다	47	EXC	예외배제
적립하다	47	PAY	지급납부
배분하다	46	PAY	지급납부
지정되다	46	SELECT	선정지정
불리하다	46	STATE_NEG	부정상태
감독하다	45	INSPECT	검사확인
존속하다	45	ESTABLISH	설립등록
비치하다	45	RECORD	기록보관
접수되다	44	SUBMIT	제출신청
공개하다	44	REPORT	보고공시
준용되다	44	REF	준거참조
차입하다	44	PAY	지급납부
제출되다	43	SUBMIT	제출신청
폐지하다	43	REPEAL	폐지삭제
반환하다	43	PAY	지급납부
제공받다	43	PROVIDE	제공공급
명백하다	43	STATE_NEUTRAL	중립비교상태
해산하다	43	DISSOLVE	해산폐쇄
보관하다	42	RECORD	기록보관
산정되다	42	INSPECT	검사확인
산출하다	42	INSPECT	검사확인
지명하다	41	APPOINT	선임임명
특정하다	41	DEF	정의지칭
공개되다	41	REPORT	보고공시
수립하다	41	MANAGE	관리수행
매출하다	41	ISSUE	발행거래
높다	40	STATE_NEUTRAL	중립비교상태
제기하다	40	SUBMIT	제출신청
산입하다	40	INC	포함구성
면제하다	40	EXC	예외배제
조사하다	40	INSPECT	검사확인
퇴직하다	40	CANCEL	취소종료
집행하다	39	APPLY	적용운용
회수하다	39	PAY	지급납부
설정되다	39	CONTRACT	계약위탁
종료하다	39	CANCEL	취소종료
전환되다	39	OCCUR	발생변동
거래되다	39	ISSUE	발행거래
진행되다	38	OCCUR	발생변동
노력하다	38	NEED	필요당위
아니하다	38	UNCLASSIFIED	미분류
대항하다	38	CONTRACT	계약위탁
설명하다	37	REPORT	보고공시
현저하다	37	STATE_NEUTRAL	중립비교상태
해당되다	37	DEF	정의지칭
승계하다	37	CONTRACT	계약위탁
경미하다	36	STATE_NEUTRAL	중립비교상태
우선하다	36	REF	준거참조
게재하다	36	REPORT	보고공시
점검하다	36	INSPECT	검사확인
소멸하다	36	CANCEL	취소종료
게시하다	36	REPORT	보고공시
보전하다	36	PAY	지급납부
제한되다	35	RESTRICT	제한금지
타당하다	35	STATE_POS	긍정상태
해임하다	35	DISMISS	해임퇴임
위촉하다	34	APPOINT	선임임명
양수하다	34	ACQUIRE	취득보유
부여하다	34	AUTHORITY	권한부여행사
강요하다	34	DEMAND	요구명령
나다	33	OCCUR	발생변동
확인되다	33	INSPECT	검사확인
적용되다	33	APPLY	적용운용
반영하다	33	INSPECT	검사확인
전환하다	33	OCCUR	발생변동
근무하다	32	USE	이용영위
임용하다	32	APPOINT	선임임명
마치다	32	PERIOD	기간경과
선정하다	32	SELECT	선정지정
변제하다	32	PAY	지급납부
퇴임하다	32	DISMISS	해임퇴임
변동되다	32	OCCUR	발생변동
위반되다	32	VIOLATE	위반침해
위탁받다	32	CONTRACT	계약위탁
교환하다	32	ISSUE	발행거래
임명되다	31	APPOINT	선임임명
구성되다	31	INC	포함구성
소요되다	31	PERIOD	기간경과
해지하다	31	CANCEL	취소종료
밀접하다	31	STATE_NEUTRAL	중립비교상태
이첩하다	31	RECORD	기록보관
기록하다	31	RECORD	기록보관
편입하다	31	DISPOSE	처분양도
합하다	31	INSPECT	검사확인
활용하다	30	MANAGE	관리수행
방해하다	30	VIOLATE	위반침해
완료하다	30	PERIOD	기간경과
참여하다	30	USE	이용영위
서명하다	30	SUBMIT	제출신청
지급되다	30	PAY	지급납부
체결되다	30	CONTRACT	계약위탁
완화되다	30	DECREASE	감소완화
대표하다	29	AUTHORITY	권한부여행사
환매하다	29	ISSUE	발행거래
보장하다	29	PROTECT	보호지원
곱하다	29	INSPECT	검사확인
검사하다	28	INSPECT	검사확인
명시하다	28	REPORT	보고공시
열람하다	28	INSPECT	검사확인
철회하다	28	CANCEL	취소종료
지키다	28	OBSERVE	준수이행
걸리다	28	GENERIC	일반경량동사
배정하다	28	SELECT	선정지정
반하다	27	UNCLASSIFIED	미분류
높이다	27	INCREASE	증가강화
관계되다	27	RELATE	소속관련
성립되다	27	OCCUR	발생변동
기피하다	27	RESTRICT	제한금지
충당하다	27	PAY	지급납부
분할하다	27	DISPOSE	처분양도
승인하다	27	CONSENT	승인동의
붙다	27	SUBMIT	제출신청
약속하다	27	CONTRACT	계약위탁
생기다	27	OCCUR	발생변동
추가하다	27	CHANGE	변경수정
약정하다	26	CONTRACT	계약위탁
침해하다	26	VIOLATE	위반침해
위임되다	26	DELE	위임고시
가져오다	26	OCCUR	발생변동
생략하다	26	EXC	예외배제
납입하다	26	PAY	지급납부
임명하다	25	APPOINT	선임임명
관여하다	25	UNCLASSIFIED	미분류
초래하다	25	OCCUR	발생변동
협조하다	25	PROTECT	보호지원
유리하다	25	STATE_POS	긍정상태
긴급하다	25	NEED	필요당위
사용되다	25	USE	이용영위
원활하다	25	NEED	필요당위
신탁하다	25	UNCLASSIFIED	미분류
보내다	24	UNCLASSIFIED	미분류
낮다	24	STATE_NEUTRAL	중립비교상태
연대하다	24	UNCLASSIFIED	미분류
달성하다	24	OCCUR	발생변동
면제되다	24	EXC	예외배제
파악하다	24	INSPECT	검사확인
개최하다	24	CONVENE	소집개최
가다	24	UNCLASSIFIED	미분류
편입되다	24	DISPOSE	처분양도
발견되다	23	INSPECT	검사확인
도달하다	23	OCCUR	발생변동
발견하다	23	INSPECT	검사확인
보존하다	23	RECORD	기록보관
시작되다	23	UNCLASSIFIED	미분류
연기하다	23	UNCLASSIFIED	미분류
소집되다	23	CONVENE	소집개최
정정하다	23	CHANGE	변경수정
넣다	23	GENERIC	일반경량동사
진술하다	22	INSPECT	검사확인
정지되다	22	RESTRICT	제한금지
입증하다	22	INSPECT	검사확인
반복하다	22	UNCLASSIFIED	미분류
허용되다	22	CONSENT	승인동의
상환하다	22	PAY	지급납부
합격하다	22	INSPECT	검사확인
몰수하다	22	SANCTION	부과제재
형성되다	22	OCCUR	발생변동
청약하다	22	ISSUE	발행거래
가입하다	21	ESTABLISH	설립등록
심의하다	21	DECIDE	결정확정
이바지하다	21	PROMOTE	목적기여
매입하다	21	ACQUIRE	취득보유
해제하다	21	CANCEL	취소종료
도모하다	21	PROMOTE	목적기여
이해하다	21	INSPECT	검사확인
감사하다	21	INSPECT	검사확인
개시하다	21	PERIOD	기간경과
보완하다	21	CHANGE	변경수정
금지하다	21	RESTRICT	제한금지
많다	21	STATE_NEUTRAL	중립비교상태
반대하다	21	OPPOSE	반대
인도하다	21	CONTRACT	계약위탁
매출되다	21	ISSUE	발행거래
재직하다	20	APPOINT	선임임명
임용되다	20	APPOINT	선임임명
정지하다	20	RESTRICT	제한금지
조치하다	20	MANAGE	관리수행
상실되다	20	UNCLASSIFIED	미분류
지출하다	20	PAY	지급납부
넘다	20	UNCLASSIFIED	미분류
상응하다	20	MEET	요건충족
부수하다	20	UNCLASSIFIED	미분류
오인하다	20	UNCLASSIFIED	미분류
비교하다	20	UNCLASSIFIED	미분류
부합하다	20	MEET	요건충족
나누다	20	INSPECT	검사확인
예정되다	20	UNCLASSIFIED	미분류
대여하다	20	PAY	지급납부
수리하다	19	UNCLASSIFIED	미분류
조달하다	19	UNCLASSIFIED	미분류
거절하다	19	RESTRICT	제한금지
안내하다	19	REPORT	보고공시
예방하다	19	UNCLASSIFIED	미분류
끼치다	19	UNCLASSIFIED	미분류
결정되다	19	DECIDE	결정확정
급격하다	19	NEED	필요당위
특수하다	19	UNCLASSIFIED	미분류
겸영하다	19	USE	이용영위
겸직하다	19	APPOINT	선임임명
선고받다	19	UNCLASSIFIED	미분류
예상되다	19	UNCLASSIFIED	미분류
공여하다	19	UNCLASSIFIED	미분류
수탁하다	19	CONTRACT	계약위탁
보고되다	19	REPORT	보고공시
지니다	18	ACQUIRE	취득보유
합의하다	18	UNCLASSIFIED	미분류
분석하다	18	INSPECT	검사확인
제외되다	18	UNCLASSIFIED	미분류
맞다	18	UNCLASSIFIED	미분류
기여하다	18	UNCLASSIFIED	미분류
의뢰하다	18	UNCLASSIFIED	미분류
중단하다	18	RESTRICT	제한금지
발급하다	18	UNCLASSIFIED	미분류
금지되다	18	RESTRICT	제한금지
부실하다	18	UNCLASSIFIED	미분류
환급하다	18	PAY	지급납부
위임하다	17	DELE	위임고시
뚜렷하다	17	STATE_NEUTRAL	중립비교상태
내보이다	17	UNCLASSIFIED	미분류
추정하다	17	DEEM	간주의제
공제하다	17	PAY	지급납부
적히다	17	UNCLASSIFIED	미분류
납입되다	17	PAY	지급납부
강제되다	17	UNCLASSIFIED	미분류
공시되다	17	REPORT	보고공시
요구되다	16	DEMAND	요구명령
진행하다	16	UNCLASSIFIED	미분류
보정하다	16	CHANGE	변경수정
허용하다	16	CONSENT	승인동의
사망하다	16	UNCLASSIFIED	미분류
감안하다	16	CONSIDER	고려참작
총괄하다	16	MANAGE	관리수행
연임하다	16	APPOINT	선임임명
환수하다	16	PAY	지급납부
의심되다	16	INSPECT	검사확인
중지하다	16	RESTRICT	제한금지
차지하다	16	ACQUIRE	취득보유
유예하다	16	PERIOD	기간경과
교차하다	16	UNCLASSIFIED	미분류
요하다	16	NEED	필요당위
수수하다	16	PAY	지급납부
귀속되다	16	DISPOSE	처분양도
해임되다	16	DISMISS	해임퇴임
독립되다	16	STATE_POS	긍정상태
공급하다	16	PROVIDE	제공공급
결성하다	16	ESTABLISH	설립등록
훼손하다	15	VIOLATE	위반침해
상실하다	15	UNCLASSIFIED	미분류
대응하다	15	UNCLASSIFIED	미분류
입히다	15	UNCLASSIFIED	미분류
대체하다	15	CHANGE	변경수정
불문하다	15	EXC	예외배제
요구받다	15	DEMAND	요구명령
공유하다	15	UNCLASSIFIED	미분류
구축하다	15	MANAGE	관리수행
조성하다	15	MANAGE	관리수행
개시되다	15	PERIOD	기간경과
지급받다	15	PAY	지급납부
성실하다	15	STATE_POS	긍정상태
소멸되다	15	CANCEL	취소종료
매각하다	15	DISPOSE	처분양도
배당하다	15	PAY	지급납부
완료되다	15	PERIOD	기간경과
신고되다	15	REPORT	보고공시
응시하다	15	SUBMIT	제출신청
통합하다	15	DISPOSE	처분양도
각하하다	14	RESTRICT	제한금지
날인하다	14	UNCLASSIFIED	미분류
제기되다	14	UNCLASSIFIED	미분류
임면하다	14	UNCLASSIFIED	미분류
종결하다	14	CANCEL	취소종료
벌하다	14	SANCTION	부과제재
작성되다	14	SUBMIT	제출신청
공표되다	14	UNCLASSIFIED	미분류
당하다	14	UNCLASSIFIED	미분류
보장되다	14	PROTECT	보호지원
갖다	14	ACQUIRE	취득보유
말소하다	14	CANCEL	취소종료
확정하다	14	DECIDE	결정확정
관할하다	14	MANAGE	관리수행
위촉되다	14	APPOINT	선임임명
증가하다	14	INCREASE	증가강화
부족하다	14	STATE_NEG	부정상태
수리되다	14	UNCLASSIFIED	미분류
소속하다	13	RELATE	소속관련
보좌하다	13	PROTECT	보호지원
실시되다	13	APPLY	적용운용
개선하다	13	CHANGE	변경수정
포함시키다	13	UNCLASSIFIED	미분류
저해되다	13	VIOLATE	위반침해
풍부하다	13	STATE_POS	긍정상태
소명하다	13	INSPECT	검사확인
투명하다	13	STATE_POS	긍정상태
요청받다	13	DEMAND	요구명령
신속하다	13	NEED	필요당위
소재하다	13	UNCLASSIFIED	미분류
지속되다	13	PERIOD	기간경과
이수하다	13	MANAGE	관리수행
분할되다	13	DISPOSE	처분양도
차감하다	13	UNCLASSIFIED	미분류
파산하다	13	UNCLASSIFIED	미분류
계상하다	13	PAY	지급납부
예치하다	13	PAY	지급납부
귀속시키다	13	DISPOSE	처분양도
합리하다	12	STATE_POS	긍정상태
종결되다	12	CANCEL	취소종료
보고받다	12	REPORT	보고공시
종합하다	12	UNCLASSIFIED	미분류
감경하다	12	PAY	지급납부
적당하다	12	STATE_POS	긍정상태
범하다	12	UNCLASSIFIED	미분류
모으다	12	UNCLASSIFIED	미분류
확보되다	12	UNCLASSIFIED	미분류
해소되다	12	UNCLASSIFIED	미분류
수령하다	12	UNCLASSIFIED	미분류
대신하다	12	UNCLASSIFIED	미분류
출연하다	12	UNCLASSIFIED	미분류
추진하다	12	UNCLASSIFIED	미분류
공고되다	12	REPORT	보고공시
분배하다	12	UNCLASSIFIED	미분류
분리하다	12	UNCLASSIFIED	미분류
이전되다	12	DISPOSE	처분양도
대출하다	12	PAY	지급납부
기하다	11	UNCLASSIFIED	미분류
추심하다	11	PAY	지급납부
방문하다	11	UNCLASSIFIED	미분류
존재하다	11	UNCLASSIFIED	미분류
충실하다	11	UNCLASSIFIED	미분류
전담하다	11	MANAGE	관리수행
계속되다	11	PERIOD	기간경과
사다	11	UNCLASSIFIED	미분류
안전하다	11	STATE_POS	긍정상태
수반하다	11	UNCLASSIFIED	미분류
확실하다	11	STATE_NEUTRAL	중립비교상태
성립하다	11	OCCUR	발생변동
해지되다	11	CANCEL	취소종료
일치하다	11	STATE_POS	긍정상태
적용받다	11	APPLY	적용운용
응대하다	11	PROTECT	보호지원
고용하다	11	APPOINT	선임임명
수반되다	11	UNCLASSIFIED	미분류
차단하다	11	RESTRICT	제한금지
지시하다	11	DEMAND	요구명령
신탁되다	11	UNCLASSIFIED	미분류
파견하다	10	APPOINT	선임임명
반송되다	10	UNCLASSIFIED	미분류
침해되다	10	VIOLATE	위반침해
상충되다	10	UNCLASSIFIED	미분류
엄격하다	10	STATE_NEUTRAL	중립비교상태
검증하다	10	INSPECT	검사확인
처리되다	10	MANAGE	관리수행
우대하다	10	UNCLASSIFIED	미분류
편성하다	10	UNCLASSIFIED	미분류
누락되다	10	UNCLASSIFIED	미분류
감액하다	10	PAY	지급납부
조회하다	10	INSPECT	검사확인
청렴하다	10	STATE_POS	긍정상태
차별하다	10	UNCLASSIFIED	미분류
마련되다	10	UNCLASSIFIED	미분류
위법하다	10	STATE_NEG	부정상태
추징하다	10	SANCTION	부과제재
유지되다	10	UNCLASSIFIED	미분류
선택하다	10	UNCLASSIFIED	미분류
정확하다	10	STATE_POS	긍정상태
선량하다	10	STATE_POS	긍정상태
신청되다	10	SUBMIT	제출신청
부과받다	10	SANCTION	부과제재
인도받다	10	CONTRACT	계약위탁
참석하다	10	UNCLASSIFIED	미분류
해소하다	10	UNCLASSIFIED	미분류
막다	10	RESTRICT	제한금지
나타나다	10	UNCLASSIFIED	미분류
폐쇄하다	10	DISSOLVE	해산폐쇄
운영되다	10	APPLY	적용운용
사임하다	10	DISMISS	해임퇴임
표명하다	10	UNCLASSIFIED	미분류
수입하다	10	UNCLASSIFIED	미분류
해산되다	10	DISSOLVE	해산폐쇄
영수하다	10	UNCLASSIFIED	미분류
개발하다	9	UNCLASSIFIED	미분류
고발하다	9	SANCTION	부과제재
재임하다	9	APPOINT	선임임명
적법하다	9	UNCLASSIFIED	미분류
담보되다	9	CONTRACT	계약위탁
발생시키다	9	OCCUR	발생변동
조정하다	9	UNCLASSIFIED	미분류
분리되다	9	UNCLASSIFIED	미분류
기초하다	9	REF	준거참조
수렴하다	9	UNCLASSIFIED	미분류
수집하다	9	UNCLASSIFIED	미분류
미루다	9	UNCLASSIFIED	미분류
들다	9	UNCLASSIFIED	미분류
유도하다	9	UNCLASSIFIED	미분류
광고하다	9	UNCLASSIFIED	미분류
연기되다	9	UNCLASSIFIED	미분류
갱신하다	9	CHANGE	변경수정
폐지되다	9	REPEAL	폐지삭제
예탁되다	9	UNCLASSIFIED	미분류
교환되다	9	ISSUE	발행거래
감소하다	9	DECREASE	감소완화
적립되다	9	UNCLASSIFIED	미분류
득점하다	9	UNCLASSIFIED	미분류
취업하다	9	UNCLASSIFIED	미분류
제보하다	9	UNCLASSIFIED	미분류
귀속하다	9	DISPOSE	처분양도
공인되다	8	UNCLASSIFIED	미분류
겸하다	8	UNCLASSIFIED	미분류
관장하다	8	MANAGE	관리수행
피하다	8	UNCLASSIFIED	미분류
이루다	8	UNCLASSIFIED	미분류
완성되다	8	UNCLASSIFIED	미분류
저촉되다	8	VIOLATE	위반침해
변조되다	8	CONCEAL	은닉조작
협력하다	8	PROTECT	보호지원
빌리다	8	PAY	지급납부
딸리다	8	UNCLASSIFIED	미분류
중단되다	8	RESTRICT	제한금지
내주다	8	CONTRACT	계약위탁
연계되다	8	RELATE	소속관련
소개하다	8	UNCLASSIFIED	미분류
변동하다	8	OCCUR	발생변동
연계하다	8	RELATE	소속관련
회부하다	8	MANAGE	관리수행
늦다	8	UNCLASSIFIED	미분류
신설되다	8	ENACT	시행공포
부여되다	8	AUTHORITY	권한부여행사
감면되다	8	PAY	지급납부
체납되다	8	PAY	지급납부
발부하다	8	UNCLASSIFIED	미분류
과도하다	8	UNCLASSIFIED	미분류
폐업하다	8	DISSOLVE	해산폐쇄
완화하다	8	DECREASE	감소완화
확립하다	8	UNCLASSIFIED	미분류
맡다	8	MANAGE	관리수행
선출하다	8	APPOINT	선임임명
최고하다	8	DEMAND	요구명령
참조하다	8	UNCLASSIFIED	미분류
연동하다	8	RELATE	소속관련
말소되다	8	CANCEL	취소종료
구분되다	8	UNCLASSIFIED	미분류
발언하다	8	UNCLASSIFIED	미분류
환부하다	8	UNCLASSIFIED	미분류
기각하다	7	RESTRICT	제한금지
주장하다	7	UNCLASSIFIED	미분류
지연하다	7	UNCLASSIFIED	미분류
연락하다	7	REPORT	보고공시
기술하다	7	UNCLASSIFIED	미분류
앞서다	7	UNCLASSIFIED	미분류
봉인하다	7	UNCLASSIFIED	미분류
강구하다	7	UNCLASSIFIED	미분류
전달하다	7	REPORT	보고공시
독립하다	7	STATE_POS	긍정상태
신청받다	7	UNCLASSIFIED	미분류
이송하다	7	UNCLASSIFIED	미분류
보도하다	7	UNCLASSIFIED	미분류
취임하다	7	APPOINT	선임임명
기록되다	7	RECORD	기록보관
축소하다	7	DECREASE	감소완화
참가하다	7	UNCLASSIFIED	미분류
알선하다	7	UNCLASSIFIED	미분류
의제되다	7	DEEM	간주의제
승낙하다	7	UNCLASSIFIED	미분류
비하다	7	UNCLASSIFIED	미분류
평가받다	7	INSPECT	검사확인
유발하다	7	OCCUR	발생변동
불응하다	7	DEMAND	요구명령
균등하다	7	STATE_POS	긍정상태
누락하다	7	UNCLASSIFIED	미분류
첨부되다	7	SUBMIT	제출신청
고정시키다	7	UNCLASSIFIED	미분류
결제하다	7	PAY	지급납부
게재되다	7	REPORT	보고공시
열람되다	7	INSPECT	검사확인
합당하다	7	STATE_POS	긍정상태
폐기하다	7	UNCLASSIFIED	미분류
이관하다	7	UNCLASSIFIED	미분류
부치다	6	UNCLASSIFIED	미분류
관리되다	6	MANAGE	관리수행
채택하다	6	SELECT	선정지정
배제하다	6	RESTRICT	제한금지
연체되다	6	UNCLASSIFIED	미분류
착수하다	6	UNCLASSIFIED	미분류
나타내다	6	UNCLASSIFIED	미분류
면하다	6	UNCLASSIFIED	미분류
양도되다	6	DISPOSE	처분양도
어떠하다	6	UNCLASSIFIED	미분류
구매하다	6	UNCLASSIFIED	미분류
벗어나다	6	UNCLASSIFIED	미분류
걸치다	6	UNCLASSIFIED	미분류
활용되다	6	UNCLASSIFIED	미분류
수락하다	6	UNCLASSIFIED	미분류
허가하다	6	UNCLASSIFIED	미분류
예측하다	6	UNCLASSIFIED	미분류
선정되다	6	SELECT	선정지정
통제하다	6	UNCLASSIFIED	미분류
충족시키다	6	MEET	요건충족
실현되다	6	UNCLASSIFIED	미분류
빠뜨리다	6	UNCLASSIFIED	미분류
고지하다	6	REPORT	보고공시
보이다	6	UNCLASSIFIED	미분류
발송하다	6	UNCLASSIFIED	미분류
조작하다	6	CONCEAL	은닉조작
분류하다	6	UNCLASSIFIED	미분류
지나치다	6	UNCLASSIFIED	미분류
연속하다	6	UNCLASSIFIED	미분류
호선하다	6	UNCLASSIFIED	미분류
개의하다	6	UNCLASSIFIED	미분류
건의하다	6	UNCLASSIFIED	미분류
단순하다	6	STATE_NEUTRAL	중립비교상태
현존하다	6	STATE_NEUTRAL	중립비교상태
합병되다	6	UNCLASSIFIED	미분류
체결시키다	6	UNCLASSIFIED	미분류
예수하다	6	PAY	지급납부
일으키다	6	UNCLASSIFIED	미분류
응모하다	6	ISSUE	발행거래
약하다	6	UNCLASSIFIED	미분류
평균하다	6	INSPECT	검사확인
공유되다	6	UNCLASSIFIED	미분류
그치다	5	UNCLASSIFIED	미분류
구하다	5	UNCLASSIFIED	미분류
답변하다	5	UNCLASSIFIED	미분류
거주하다	5	UNCLASSIFIED	미분류
명확하다	5	STATE_POS	긍정상태
빠르다	5	UNCLASSIFIED	미분류
유의하다	5	UNCLASSIFIED	미분류
인식하다	5	UNCLASSIFIED	미분류
근거하다	5	REF	준거참조
열거되다	5	INC	포함구성
병과하다	5	UNCLASSIFIED	미분류
소지하다	5	UNCLASSIFIED	미분류
규명하다	5	INSPECT	검사확인
끝내다	5	UNCLASSIFIED	미분류
대위하다	5	UNCLASSIFIED	미분류
배정되다	5	SELECT	선정지정
이용되다	5	USE	이용영위
다하다	5	UNCLASSIFIED	미분류
불복하다	5	UNCLASSIFIED	미분류
상정하다	5	DECIDE	결정확정
원하다	5	UNCLASSIFIED	미분류
충당되다	5	PAY	지급납부
환산하다	5	INSPECT	검사확인
개설되다	5	ESTABLISH	설립등록
촉진하다	5	UNCLASSIFIED	미분류
담합하다	5	CONCEAL	은닉조작
전송하다	5	REPORT	보고공시
가장하다	5	UNCLASSIFIED	미분류
규제하다	5	UNCLASSIFIED	미분류
퇴사하다	5	DISMISS	해임퇴임
소멸시키다	5	CANCEL	취소종료
구별하다	5	UNCLASSIFIED	미분류
계상되다	5	PAY	지급납부
과다하다	5	STATE_NEG	부정상태
밟다	5	UNCLASSIFIED	미분류
인계하다	5	UNCLASSIFIED	미분류
담보하다	5	CONTRACT	계약위탁
서다	5	UNCLASSIFIED	미분류
녹음하다	5	UNCLASSIFIED	미분류
파견되다	5	APPOINT	선임임명
분별하다	5	UNCLASSIFIED	미분류
상반되다	5	STATE_NEG	부정상태
특정되다	5	UNCLASSIFIED	미분류
참고하다	5	REF	준거참조
낮추다	5	DECREASE	감소완화
극심하다	5	STATE_NEG	부정상태
수취하다	5	PAY	지급납부
심하다	5	STATE_NEG	부정상태
전입하다	5	UNCLASSIFIED	미분류
성립시키다	5	OCCUR	발생변동
산출되다	5	UNCLASSIFIED	미분류
분담하다	5	UNCLASSIFIED	미분류
종결시키다	5	CANCEL	취소종료
집합하다	5	UNCLASSIFIED	미분류
교체하다	5	CHANGE	변경수정
신뢰하다	5	UNCLASSIFIED	미분류
단축하다	5	UNCLASSIFIED	미분류
가입시키다	5	ESTABLISH	설립등록
소각하다	5	UNCLASSIFIED	미분류
추심되다	5	PAY	지급납부
인출하다	5	PAY	지급납부
수렴되다	5	UNCLASSIFIED	미분류
융자하다	5	UNCLASSIFIED	미분류
상환되다	5	PAY	지급납부
지휘하다	4	UNCLASSIFIED	미분류
이러하다	4	UNCLASSIFIED	미분류
제청하다	4	UNCLASSIFIED	미분류
미흡하다	4	STATE_NEG	부정상태
감찰하다	4	INSPECT	검사확인
승인되다	4	CONSENT	승인동의
보조하다	4	UNCLASSIFIED	미분류
위탁되다	4	CONTRACT	계약위탁
유보하다	4	RESTRICT	제한금지
올바르다	4	STATE_POS	긍정상태
우수하다	4	STATE_POS	긍정상태
감소시키다	4	DECREASE	감소완화
수정하다	4	CHANGE	변경수정
운용되다	4	APPLY	적용운용
참여시키다	4	USE	이용영위
증명되다	4	UNCLASSIFIED	미분류
청취하다	4	UNCLASSIFIED	미분류
송부받다	4	REPORT	보고공시
암시하다	4	UNCLASSIFIED	미분류
이행되다	4	MANAGE	관리수행
주관하다	4	MANAGE	관리수행
채용하다	4	APPOINT	선임임명
수익하다	4	UNCLASSIFIED	미분류
대비하다	4	UNCLASSIFIED	미분류
반영되다	4	UNCLASSIFIED	미분류
중복되다	4	UNCLASSIFIED	미분류
강조하다	4	UNCLASSIFIED	미분류
인지하다	4	UNCLASSIFIED	미분류
좋다	4	UNCLASSIFIED	미분류
누리다	4	ACQUIRE	취득보유
철회되다	4	CANCEL	취소종료
판명되다	4	INSPECT	검사확인
기명날인하다	4	UNCLASSIFIED	미분류
면책되다	4	UNCLASSIFIED	미분류
분류되다	4	UNCLASSIFIED	미분류
은닉하다	4	CONCEAL	은닉조작
지연시키다	4	UNCLASSIFIED	미분류
통보되다	4	UNCLASSIFIED	미분류
일괄하다	4	UNCLASSIFIED	미분류
불분명하다	4	STATE_NEG	부정상태
청구되다	4	SUBMIT	제출신청
행사되다	4	AUTHORITY	권한부여행사
제시되다	4	UNCLASSIFIED	미분류
출자되다	4	DISPOSE	처분양도
투자되다	4	UNCLASSIFIED	미분류
유래하다	4	UNCLASSIFIED	미분류
합치다	4	UNCLASSIFIED	미분류
처벌하다	4	SANCTION	부과제재
동등하다	4	STATE_NEUTRAL	중립비교상태
되돌리다	4	UNCLASSIFIED	미분류
증액하다	4	PAY	지급납부
숨기다	4	UNCLASSIFIED	미분류
배포되다	4	UNCLASSIFIED	미분류
감면하다	4	PAY	지급납부
만료하다	4	UNCLASSIFIED	미분류
유효하다	4	STATE_POS	긍정상태
조성되다	4	MANAGE	관리수행
고용되다	4	APPOINT	선임임명
부과되다	4	SANCTION	부과제재
점유하다	4	UNCLASSIFIED	미분류
착수되다	4	UNCLASSIFIED	미분류
결원되다	4	UNCLASSIFIED	미분류
보류하다	4	RESTRICT	제한금지
회복하다	4	UNCLASSIFIED	미분류
경과되다	4	PERIOD	기간경과
추정되다	4	DEEM	간주의제
촉탁하다	4	UNCLASSIFIED	미분류
부수되다	4	RELATE	소속관련
존속되다	4	UNCLASSIFIED	미분류
포기하다	4	UNCLASSIFIED	미분류
급부하다	4	UNCLASSIFIED	미분류
청산하다	4	PAY	지급납부
절실하다	4	STATE_NEUTRAL	중립비교상태
매입시키다	4	ACQUIRE	취득보유
적시하다	4	UNCLASSIFIED	미분류
유통되다	4	UNCLASSIFIED	미분류
유인하다	4	UNCLASSIFIED	미분류
창업하다	4	ESTABLISH	설립등록
남용하다	4	VIOLATE	위반침해
모집되다	4	UNCLASSIFIED	미분류
감소되다	4	DECREASE	감소완화
발하다	4	UNCLASSIFIED	미분류
도출하다	4	UNCLASSIFIED	미분류
지원되다	4	UNCLASSIFIED	미분류
열석하다	4	UNCLASSIFIED	미분류
수행되다	3	UNCLASSIFIED	미분류
위배되다	3	VIOLATE	위반침해
보하다	3	UNCLASSIFIED	미분류
경유하다	3	UNCLASSIFIED	미분류
취하하다	3	UNCLASSIFIED	미분류
지체하다	3	UNCLASSIFIED	미분류
대부하다	3	PAY	지급납부
합의되다	3	UNCLASSIFIED	미분류
손상하다	3	UNCLASSIFIED	미분류
존중하다	3	UNCLASSIFIED	미분류
계획하다	3	UNCLASSIFIED	미분류
획득하다	3	ACQUIRE	취득보유
읽다	3	UNCLASSIFIED	미분류
길다	3	STATE_NEUTRAL	중립비교상태
배포하다	3	UNCLASSIFIED	미분류
향상시키다	3	UNCLASSIFIED	미분류
보급하다	3	UNCLASSIFIED	미분류
입력하다	3	RECORD	기록보관
증언하다	3	UNCLASSIFIED	미분류
중복하다	3	UNCLASSIFIED	미분류
체불되다	3	PAY	지급납부
기다리다	3	UNCLASSIFIED	미분류
채용되다	3	APPOINT	선임임명
보완되다	3	CHANGE	변경수정
내리다	3	UNCLASSIFIED	미분류
기대하다	3	UNCLASSIFIED	미분류
환급받다	3	PAY	지급납부
표현하다	3	UNCLASSIFIED	미분류
쓰이다	3	UNCLASSIFIED	미분류
돌려주다	3	PAY	지급납부
입금하다	3	PAY	지급납부
수납하다	3	PAY	지급납부
증여받다	3	UNCLASSIFIED	미분류
발급되다	3	UNCLASSIFIED	미분류
연장되다	3	UNCLASSIFIED	미분류
문란하다	3	STATE_NEG	부정상태
바람직하다	3	STATE_POS	긍정상태
않다	3	UNCLASSIFIED	미분류
조장하다	3	UNCLASSIFIED	미분류
부가되다	3	UNCLASSIFIED	미분류
복사하다	3	UNCLASSIFIED	미분류
취급되다	3	USE	이용영위
덧붙이다	3	UNCLASSIFIED	미분류
입사하다	3	UNCLASSIFIED	미분류
정산하다	3	PAY	지급납부
개입하다	3	UNCLASSIFIED	미분류
가하다	3	UNCLASSIFIED	미분류
배치되다	3	UNCLASSIFIED	미분류
연동되다	3	RELATE	소속관련
탈락되다	3	UNCLASSIFIED	미분류
조력하다	3	PROTECT	보호지원
해촉되다	3	UNCLASSIFIED	미분류
포상하다	3	UNCLASSIFIED	미분류
통할하다	3	UNCLASSIFIED	미분류
주재하다	3	UNCLASSIFIED	미분류
지도하다	3	UNCLASSIFIED	미분류
통용되다	3	UNCLASSIFIED	미분류
확대하다	3	INCREASE	증가강화
배분되다	3	UNCLASSIFIED	미분류
우려되다	3	UNCLASSIFIED	미분류
선출되다	3	APPOINT	선임임명
전보하다	3	APPOINT	선임임명
줄이다	3	DECREASE	감소완화
형성하다	3	OCCUR	발생변동
일임받다	3	UNCLASSIFIED	미분류
발췌하다	3	UNCLASSIFIED	미분류
멸실되다	3	UNCLASSIFIED	미분류
감시하다	3	UNCLASSIFIED	미분류
실행하다	3	MANAGE	관리수행
게시되다	3	REPORT	보고공시
입수하다	3	UNCLASSIFIED	미분류
교섭하다	3	UNCLASSIFIED	미분류
짜다	3	UNCLASSIFIED	미분류
꾸미다	3	UNCLASSIFIED	미분류
안정시키다	3	UNCLASSIFIED	미분류
공매도하다	3	UNCLASSIFIED	미분류
비치되다	3	RECORD	기록보관
반환되다	3	UNCLASSIFIED	미분류
생산하다	3	UNCLASSIFIED	미분류
가중하다	3	UNCLASSIFIED	미분류
거부되다	3	RESTRICT	제한금지
과장되다	3	UNCLASSIFIED	미분류
표현되다	3	UNCLASSIFIED	미분류
표기하다	3	REPORT	보고공시
녹취하다	3	UNCLASSIFIED	미분류
녹취되다	3	UNCLASSIFIED	미분류
요약하다	3	UNCLASSIFIED	미분류
의뢰받다	3	UNCLASSIFIED	미분류
염려되다	3	UNCLASSIFIED	미분류
수립되다	3	UNCLASSIFIED	미분류
재개하다	3	UNCLASSIFIED	미분류
기산하다	3	UNCLASSIFIED	미분류
납입시키다	3	PAY	지급납부
징구하다	3	UNCLASSIFIED	미분류
다투다	3	UNCLASSIFIED	미분류
탁월하다	3	STATE_POS	긍정상태
인상하다	3	UNCLASSIFIED	미분류
송부되다	3	REPORT	보고공시
존중되다	2	UNCLASSIFIED	미분류
퇴직되다	2	UNCLASSIFIED	미분류
출석시키다	2	UNCLASSIFIED	미분류
연구하다	2	UNCLASSIFIED	미분류
판정하다	2	INSPECT	검사확인
변상하다	2	PAY	지급납부
부적절하다	2	STATE_NEG	부정상태
심리하다	2	UNCLASSIFIED	미분류
잃다	2	UNCLASSIFIED	미분류
제안하다	2	UNCLASSIFIED	미분류
회수되다	2	PAY	지급납부
입원하다	2	UNCLASSIFIED	미분류
해결하다	2	UNCLASSIFIED	미분류
지원받다	2	PROTECT	보호지원
접근하다	2	UNCLASSIFIED	미분류
구비하다	2	MEET	요건충족
선발하다	2	SELECT	선정지정
광범위하다	2	STATE_NEUTRAL	중립비교상태
친절하다	2	STATE_POS	긍정상태
번갈다	2	UNCLASSIFIED	미분류
수집되다	2	UNCLASSIFIED	미분류
과장하다	2	UNCLASSIFIED	미분류
깨끗하다	2	STATE_POS	긍정상태
찍다	2	UNCLASSIFIED	미분류
보도되다	2	UNCLASSIFIED	미분류
준비하다	2	UNCLASSIFIED	미분류
시정되다	2	SANCTION	부과제재
예측되다	2	UNCLASSIFIED	미분류
급박하다	2	STATE_NEUTRAL	중립비교상태
공평무사하다	2	STATE_POS	긍정상태
처신하다	2	UNCLASSIFIED	미분류
나오다	2	UNCLASSIFIED	미분류
자진하다	2	UNCLASSIFIED	미분류
교육하다	2	MANAGE	관리수행
공지하다	2	UNCLASSIFIED	미분류
기반하다	2	UNCLASSIFIED	미분류
측정하다	2	UNCLASSIFIED	미분류
증진하다	2	UNCLASSIFIED	미분류
훼손되다	2	VIOLATE	위반침해
복권되다	2	UNCLASSIFIED	미분류
제휴되다	2	UNCLASSIFIED	미분류
인상되다	2	UNCLASSIFIED	미분류
저렴하다	2	STATE_POS	긍정상태
갱신되다	2	CHANGE	변경수정
위조되다	2	CONCEAL	은닉조작
중지되다	2	RESTRICT	제한금지
지명되다	2	APPOINT	선임임명
꾀하다	2	UNCLASSIFIED	미분류
위협하다	2	UNCLASSIFIED	미분류
소급하다	2	UNCLASSIFIED	미분류
유출되다	2	CONCEAL	은닉조작
예정하다	2	UNCLASSIFIED	미분류
달하다	2	UNCLASSIFIED	미분류
열거하다	2	INC	포함구성
간주되다	2	DEEM	간주의제
추징되다	2	SANCTION	부과제재
우연하다	2	STATE_NEUTRAL	중립비교상태
한정되다	2	UNCLASSIFIED	미분류
상각하다	2	UNCLASSIFIED	미분류
휴업하다	2	UNCLASSIFIED	미분류
평온하다	2	STATE_POS	긍정상태
인하하다	2	UNCLASSIFIED	미분류
관계없다	2	EXC	예외배제
포괄하다	2	INC	포함구성
삭감하다	2	UNCLASSIFIED	미분류
방조하다	2	CONCEAL	은닉조작
과하다	2	UNCLASSIFIED	미분류
병행하다	2	UNCLASSIFIED	미분류
발표되다	2	UNCLASSIFIED	미분류
합작하다	2	UNCLASSIFIED	미분류
보관되다	2	RECORD	기록보관
규율하다	2	UNCLASSIFIED	미분류
증가시키다	2	INCREASE	증가강화
해촉하다	2	UNCLASSIFIED	미분류
가산하다	2	PAY	지급납부
초래되다	2	OCCUR	발생변동
저장되다	2	RECORD	기록보관
충원하다	2	UNCLASSIFIED	미분류
식별하다	2	UNCLASSIFIED	미분류
가공하다	2	UNCLASSIFIED	미분류
맺다	2	UNCLASSIFIED	미분류
통지받다	2	REPORT	보고공시
촬영하다	2	UNCLASSIFIED	미분류
녹화하다	2	UNCLASSIFIED	미분류
만들다	2	UNCLASSIFIED	미분류
헌신하다	2	UNCLASSIFIED	미분류
분장하다	2	UNCLASSIFIED	미분류
궐위되다	2	UNCLASSIFIED	미분류
반려하다	2	UNCLASSIFIED	미분류
처벌되다	2	SANCTION	부과제재
종속되다	2	RELATE	소속관련
부대되다	2	RELATE	소속관련
상주하다	2	UNCLASSIFIED	미분류
잠식되다	2	UNCLASSIFIED	미분류
위배하다	2	VIOLATE	위반침해
증자하다	2	UNCLASSIFIED	미분류
정리하다	2	UNCLASSIFIED	미분류
예치되다	2	PAY	지급납부
인가하다	2	UNCLASSIFIED	미분류
유예받다	2	PERIOD	기간경과
짧다	2	STATE_NEUTRAL	중립비교상태
원상회복되다	2	UNCLASSIFIED	미분류
공모하다	2	UNCLASSIFIED	미분류
상계하다	2	PAY	지급납부
통일하다	2	UNCLASSIFIED	미분류
폐쇄되다	2	DISSOLVE	해산폐쇄
예금하다	2	UNCLASSIFIED	미분류
결산하다	2	UNCLASSIFIED	미분류
취득시키다	2	ACQUIRE	취득보유
합계하다	2	UNCLASSIFIED	미분류
담다	2	UNCLASSIFIED	미분류
감리하다	2	INSPECT	검사확인
준수되다	2	OBSERVE	준수이행
접속하다	2	UNCLASSIFIED	미분류
상이하다	2	STATE_NEUTRAL	중립비교상태
명기하다	2	UNCLASSIFIED	미분류
청약되다	2	ISSUE	발행거래
유포하다	2	UNCLASSIFIED	미분류
유발시키다	2	OCCUR	발생변동
결제되다	2	PAY	지급납부
명시되다	2	REPORT	보고공시
부담시키다	2	UNCLASSIFIED	미분류
흡수하다	2	UNCLASSIFIED	미분류
명의개서되다	2	UNCLASSIFIED	미분류
대우하다	2	UNCLASSIFIED	미분류
인도되다	2	CONTRACT	계약위탁
제정되다	2	DELE	위임고시
결성되다	2	ESTABLISH	설립등록
더하다	2	INSPECT	검사확인
권장하다	2	UNCLASSIFIED	미분류
매매되다	2	ISSUE	발행거래
비례하다	2	UNCLASSIFIED	미분류
가입되다	2	ESTABLISH	설립등록
떨어지다	2	UNCLASSIFIED	미분류
순환하다	2	UNCLASSIFIED	미분류
노출되다	2	UNCLASSIFIED	미분류
드러나다	2	UNCLASSIFIED	미분류
증여하다	2	UNCLASSIFIED	미분류
정착되다	2	UNCLASSIFIED	미분류
계산되다	2	UNCLASSIFIED	미분류
방송되다	2	UNCLASSIFIED	미분류
판매되다	2	ISSUE	발행거래
보편타당하다	2	UNCLASSIFIED	미분류
집행되다	2	APPLY	적용운용
지연되다	2	UNCLASSIFIED	미분류
수여하다	2	UNCLASSIFIED	미분류
응모되다	2	ISSUE	발행거래
문의하다	2	DEMAND	요구명령
감금하다	2	UNCLASSIFIED	미분류
내재되다	2	UNCLASSIFIED	미분류
송금하다	2	PAY	지급납부
완성하다	2	UNCLASSIFIED	미분류
실사하다	2	INSPECT	검사확인
흠결되다	2	UNCLASSIFIED	미분류
공제되다	2	PAY	지급납부
책정하다	2	UNCLASSIFIED	미분류
발의하다	2	UNCLASSIFIED	미분류
여신하다	2	UNCLASSIFIED	미분류
부속되다	2	RELATE	소속관련
반송하다	2	UNCLASSIFIED	미분류
면직되다	1	UNCLASSIFIED	미분류
적격하다	1	UNCLASSIFIED	미분류
기대되다	1	UNCLASSIFIED	미분류
송달되다	1	UNCLASSIFIED	미분류
보충하다	1	UNCLASSIFIED	미분류
송달하다	1	UNCLASSIFIED	미분류
이익하다	1	UNCLASSIFIED	미분류
희망하다	1	UNCLASSIFIED	미분류
연체하다	1	UNCLASSIFIED	미분류
해제되다	1	CANCEL	취소종료
미비하다	1	UNCLASSIFIED	미분류
제안받다	1	UNCLASSIFIED	미분류
산입되다	1	UNCLASSIFIED	미분류
만나다	1	UNCLASSIFIED	미분류
끊다	1	UNCLASSIFIED	미분류
두절되다	1	UNCLASSIFIED	미분류
선포되다	1	UNCLASSIFIED	미분류
혼인하다	1	UNCLASSIFIED	미분류
의심받다	1	INSPECT	검사확인
제약하다	1	UNCLASSIFIED	미분류
간여하다	1	UNCLASSIFIED	미분류
입각하다	1	UNCLASSIFIED	미분류
완전하다	1	UNCLASSIFIED	미분류
연마하다	1	UNCLASSIFIED	미분류
견지하다	1	UNCLASSIFIED	미분류
겸손하다	1	UNCLASSIFIED	미분류
과중하다	1	UNCLASSIFIED	미분류
뜻하다	1	DEF	정의지칭
야기되다	1	OCCUR	발생변동
탐색하다	1	UNCLASSIFIED	미분류
준비되다	1	UNCLASSIFIED	미분류
분장되다	1	UNCLASSIFIED	미분류
숙지하다	1	MANAGE	관리수행
설계되다	1	UNCLASSIFIED	미분류
추출하다	1	UNCLASSIFIED	미분류
투입되다	1	UNCLASSIFIED	미분류
뒷받침하다	1	UNCLASSIFIED	미분류
일치되다	1	UNCLASSIFIED	미분류
숙련되다	1	UNCLASSIFIED	미분류
지지하다	1	PROTECT	보호지원
검토되다	1	UNCLASSIFIED	미분류
간략하다	1	UNCLASSIFIED	미분류
애매모호하다	1	STATE_NEG	부정상태
편향되다	1	STATE_NEG	부정상태
괄목하다	1	STATE_POS	긍정상태
미진하다	1	STATE_NEG	부정상태
주선하다	1	UNCLASSIFIED	미분류
교체되다	1	CHANGE	변경수정
입력되다	1	RECORD	기록보관
다양하다	1	STATE_NEUTRAL	중립비교상태
근속하다	1	APPOINT	선임임명
거두다	1	UNCLASSIFIED	미분류
지적되다	1	UNCLASSIFIED	미분류
도과하다	1	PERIOD	기간경과
맞추다	1	UNCLASSIFIED	미분류
경합하다	1	UNCLASSIFIED	미분류
들려주다	1	UNCLASSIFIED	미분류
구제받다	1	UNCLASSIFIED	미분류
알아내다	1	UNCLASSIFIED	미분류
이첩되다	1	UNCLASSIFIED	미분류
임차하다	1	CONTRACT	계약위탁
증진시키다	1	UNCLASSIFIED	미분류
편중되다	1	UNCLASSIFIED	미분류
지우다	1	UNCLASSIFIED	미분류
소비하다	1	UNCLASSIFIED	미분류
반영시키다	1	UNCLASSIFIED	미분류
조직하다	1	UNCLASSIFIED	미분류
활동하다	1	UNCLASSIFIED	미분류
더불다	1	UNCLASSIFIED	미분류
습득하다	1	UNCLASSIFIED	미분류
의미하다	1	DEF	정의지칭
오해하다	1	UNCLASSIFIED	미분류
예시하다	1	UNCLASSIFIED	미분류
예시되다	1	UNCLASSIFIED	미분류
불충분하다	1	STATE_NEG	부정상태
부여받다	1	AUTHORITY	권한부여행사
족하다	1	UNCLASSIFIED	미분류
출입하다	1	UNCLASSIFIED	미분류
작다	1	UNCLASSIFIED	미분류
참석시키다	1	UNCLASSIFIED	미분류
회부되다	1	UNCLASSIFIED	미분류
개이다	1	UNCLASSIFIED	미분류
실현하다	1	UNCLASSIFIED	미분류
누설되다	1	CONCEAL	은닉조작
손하다	1	UNCLASSIFIED	미분류
경정하다	1	UNCLASSIFIED	미분류
용이하다	1	UNCLASSIFIED	미분류
결합하다	1	UNCLASSIFIED	미분류
수용되다	1	UNCLASSIFIED	미분류
승선하다	1	UNCLASSIFIED	미분류
이주하다	1	UNCLASSIFIED	미분류
출연되다	1	UNCLASSIFIED	미분류
출연받다	1	UNCLASSIFIED	미분류
약화되다	1	UNCLASSIFIED	미분류
휴대하다	1	UNCLASSIFIED	미분류
참작하다	1	CONSIDER	고려참작
파기하다	1	UNCLASSIFIED	미분류
편리하다	1	STATE_POS	긍정상태
제거하다	1	UNCLASSIFIED	미분류
야기하다	1	OCCUR	발생변동
예비하다	1	UNCLASSIFIED	미분류
음모하다	1	UNCLASSIFIED	미분류
존속시키다	1	UNCLASSIFIED	미분류
발부받다	1	UNCLASSIFIED	미분류
공조하다	1	UNCLASSIFIED	미분류
왕래하다	1	UNCLASSIFIED	미분류
출항하다	1	UNCLASSIFIED	미분류
갹출하다	1	UNCLASSIFIED	미분류
종되다	1	UNCLASSIFIED	미분류
용인하다	1	UNCLASSIFIED	미분류
떠넘기다	1	UNCLASSIFIED	미분류
도입되다	1	UNCLASSIFIED	미분류
불량하다	1	UNCLASSIFIED	미분류
향하다	1	UNCLASSIFIED	미분류
상충하다	1	UNCLASSIFIED	미분류
전념하다	1	UNCLASSIFIED	미분류
오인되다	1	UNCLASSIFIED	미분류
인가되다	1	UNCLASSIFIED	미분류
인정받다	1	UNCLASSIFIED	미분류
불명확하다	1	UNCLASSIFIED	미분류
유출하다	1	CONCEAL	은닉조작
역산하다	1	INSPECT	검사확인
거절되다	1	RESTRICT	제한금지
지속시키다	1	PERIOD	기간경과
사직하다	1	DISMISS	해임퇴임
중개되다	1	UNCLASSIFIED	미분류
대면하다	1	UNCLASSIFIED	미분류
고르다	1	UNCLASSIFIED	미분류
송수신하다	1	REPORT	보고공시
저장하다	1	RECORD	기록보관
소유되다	1	ACQUIRE	취득보유
연접하다	1	UNCLASSIFIED	미분류
약정되다	1	CONTRACT	계약위탁
일관되다	1	UNCLASSIFIED	미분류
풍수하다	1	UNCLASSIFIED	미분류
배제되다	1	RESTRICT	제한금지
묵인하다	1	CONCEAL	은닉조작
유래되다	1	UNCLASSIFIED	미분류
교부되다	1	CONTRACT	계약위탁
고취하다	1	UNCLASSIFIED	미분류
정착하다	1	UNCLASSIFIED	미분류
집무하다	1	UNCLASSIFIED	미분류
구제하다	1	UNCLASSIFIED	미분류
부의하다	1	UNCLASSIFIED	미분류
제척되다	1	UNCLASSIFIED	미분류
의결되다	1	DECIDE	결정확정
이송되다	1	UNCLASSIFIED	미분류
송치하다	1	UNCLASSIFIED	미분류
방치하다	1	UNCLASSIFIED	미분류
교육되다	1	MANAGE	관리수행
자문하다	1	UNCLASSIFIED	미분류
달성되다	1	OCCUR	발생변동
송수신되다	1	REPORT	보고공시
첨예하다	1	STATE_NEG	부정상태
대립하다	1	UNCLASSIFIED	미분류
복잡하다	1	STATE_NEUTRAL	중립비교상태
복귀하다	1	UNCLASSIFIED	미분류
수용하다	1	UNCLASSIFIED	미분류
동반하다	1	UNCLASSIFIED	미분류
촉진시키다	1	UNCLASSIFIED	미분류
연명하다	1	UNCLASSIFIED	미분류
도피시키다	1	CONCEAL	은닉조작
발전시키다	1	UNCLASSIFIED	미분류
개최되다	1	CONVENE	소집개최
우량하다	1	STATE_POS	긍정상태
배서하다	1	UNCLASSIFIED	미분류
줄어들다	1	DECREASE	감소완화
출장하다	1	UNCLASSIFIED	미분류
향유하다	1	ACQUIRE	취득보유
공평하다	1	UNCLASSIFIED	미분류
저지하다	1	RESTRICT	제한금지
상속되다	1	UNCLASSIFIED	미분류
급여하다	1	UNCLASSIFIED	미분류
수탁자하다	1	UNCLASSIFIED	미분류
주요하다	1	UNCLASSIFIED	미분류
통지되다	1	REPORT	보고공시
예견하다	1	UNCLASSIFIED	미분류
책임지다	1	UNCLASSIFIED	미분류
초과되다	1	EXCEED	기준초과
분배되다	1	UNCLASSIFIED	미분류
은폐하다	1	CONCEAL	은닉조작
신고받다	1	REPORT	보고공시
추천되다	1	APPOINT	선임임명
수교하다	1	UNCLASSIFIED	미분류
취약하다	1	STATE_NEG	부정상태
육성하다	1	UNCLASSIFIED	미분류
제조하다	1	UNCLASSIFIED	미분류
내재하다	1	UNCLASSIFIED	미분류
맡기다	1	CONTRACT	계약위탁
보전되다	1	UNCLASSIFIED	미분류
형성시키다	1	OCCUR	발생변동
감액되다	1	PAY	지급납부
고치다	1	UNCLASSIFIED	미분류
발생되다	1	OCCUR	발생변동
균일하다	1	STATE_NEUTRAL	중립비교상태
대리시키다	1	AUTHORITY	권한부여행사
찬성하다	1	UNCLASSIFIED	미분류
승소하다	1	UNCLASSIFIED	미분류
전달받다	1	REPORT	보고공시
변동시키다	1	OCCUR	발생변동
희박하다	1	UNCLASSIFIED	미분류
왜곡하다	1	CONCEAL	은닉조작
소추하다	1	SANCTION	부과제재
결의되다	1	DECIDE	결정확정
분양하다	1	UNCLASSIFIED	미분류
혼합하다	1	UNCLASSIFIED	미분류
폐기되다	1	UNCLASSIFIED	미분류
소명되다	1	INSPECT	검사확인
심문하다	1	INSPECT	검사확인
수색하다	1	INSPECT	검사확인
확인시키다	1	INSPECT	검사확인
자수하다	1	UNCLASSIFIED	미분류
면제받다	1	UNCLASSIFIED	미분류
차입되다	1	PAY	지급납부
시행되다	1	ENACT	시행공포
간주하다	1	DEEM	간주의제
앞당기다	1	UNCLASSIFIED	미분류
이해되다	1	UNCLASSIFIED	미분류
창설되다	1	ESTABLISH	설립등록
인쇄되다	1	UNCLASSIFIED	미분류
신탁받다	1	UNCLASSIFIED	미분류
유일하다	1	STATE_NEUTRAL	중립비교상태
유치하다	1	UNCLASSIFIED	미분류
부재하다	1	STATE_NEG	부정상태
출금하다	1	PAY	지급납부
기울이다	1	UNCLASSIFIED	미분류
배정받다	1	SELECT	선정지정
감추다	1	UNCLASSIFIED	미분류
증액되다	1	PAY	지급납부
충족되다	1	MEET	요건충족
달라지다	1	UNCLASSIFIED	미분류
차등하다	1	UNCLASSIFIED	미분류
보증되다	1	UNCLASSIFIED	미분류
타다	1	UNCLASSIFIED	미분류
조절하다	1	UNCLASSIFIED	미분류
강화되다	1	INCREASE	증가강화
갚다	1	UNCLASSIFIED	미분류
전달되다	1	REPORT	보고공시
예수되다	1	PAY	지급납부
생성되다	1	UNCLASSIFIED	미분류
빠지다	1	UNCLASSIFIED	미분류
새다	1	UNCLASSIFIED	미분류
근접하다	1	UNCLASSIFIED	미분류
바꾸다	1	UNCLASSIFIED	미분류
가리다	1	UNCLASSIFIED	미분류
완결하다	1	UNCLASSIFIED	미분류
주어지다	1	UNCLASSIFIED	미분류
건실하다	1	UNCLASSIFIED	미분류
상정되다	1	DECIDE	결정확정
요약되다	1	UNCLASSIFIED	미분류
할증하다	1	PAY	지급납부
해결되다	1	UNCLASSIFIED	미분류
자다	1	UNCLASSIFIED	미분류
대응되다	1	UNCLASSIFIED	미분류
시청하다	1	UNCLASSIFIED	미분류
밑돌다	1	UNCLASSIFIED	미분류
평균되다	1	INSPECT	검사확인
설명되다	1	UNCLASSIFIED	미분류
발표하다	1	UNCLASSIFIED	미분류
제작하다	1	UNCLASSIFIED	미분류
상근하다	1	UNCLASSIFIED	미분류
어지럽히다	1	UNCLASSIFIED	미분류
연결하다	1	UNCLASSIFIED	미분류
탈퇴하다	1	DISSOLVE	해산폐쇄
이상하다	1	STATE_NEG	부정상태
이체되다	1	UNCLASSIFIED	미분류
조치되다	1	MANAGE	관리수행
진실하다	1	STATE_POS	긍정상태
징수되다	1	UNCLASSIFIED	미분류
내려지다	1	UNCLASSIFIED	미분류
추가되다	1	CHANGE	변경수정
뛰어나다	1	UNCLASSIFIED	미분류
논의하다	1	UNCLASSIFIED	미분류
조직되다	1	UNCLASSIFIED	미분류
압류하다	1	UNCLASSIFIED	미분류
지불하다	1	UNCLASSIFIED	미분류
불입되다	1	UNCLASSIFIED	미분류
도달되다	1	OCCUR	발생변동
제한받다	1	RESTRICT	제한금지
분실하다	1	UNCLASSIFIED	미분류
발휘되다	1	UNCLASSIFIED	미분류
이탈하다	1	UNCLASSIFIED	미분류
보강하다	1	UNCLASSIFIED	미분류
도출되다	1	UNCLASSIFIED	미분류
시급하다	1	NEED	필요당위
신중하다	1	STATE_POS	긍정상태
모호하다	1	STATE_NEG	부정상태
장황하다	1	STATE_NEG	부정상태
회보하다	1	REPORT	보고공시
일임하다	1	UNCLASSIFIED	미분류
독촉하다	1	UNCLASSIFIED	미분류
주장되다	1	UNCLASSIFIED	미분류
동거하다	1	UNCLASSIFIED	미분류
전화하다	1	UNCLASSIFIED	미분류
모이다	1	UNCLASSIFIED	미분류
경감하다	1	PAY	지급납부
나아가다	1	UNCLASSIFIED	미분류
탈루하다	1	UNCLASSIFIED	미분류
중계하다	1	UNCLASSIFIED	미분류
이체하다	1	UNCLASSIFIED	미분류
송금받다	1	PAY	지급납부
재생되다	1	UNCLASSIFIED	미분류
생성시키다	1	UNCLASSIFIED	미분류
집중되다	1	UNCLASSIFIED	미분류
단축되다	1	UNCLASSIFIED	미분류
개회하다	1	CONVENE	소집개최
평가되다	1	UNCLASSIFIED	미분류
극복하다	1	UNCLASSIFIED	미분류
강화하다	1	INCREASE	증가강화
중임하다	1	APPOINT	선임임명
장려하다	1	UNCLASSIFIED	미분류
경쟁하다	1	UNCLASSIFIED	미분류
대하하다	1	UNCLASSIFIED	미분류
중시하다	1	UNCLASSIFIED	미분류
겸임하다	1	APPOINT	선임임명
집중하다	1	UNCLASSIFIED	미분류
기리다	1	UNCLASSIFIED	미분류
깊다	1	UNCLASSIFIED	미분류
기념하다	1	UNCLASSIFIED	미분류
보유되다	1	UNCLASSIFIED	미분류
악화되다	1	UNCLASSIFIED	미분류
의존하다	1	UNCLASSIFIED	미분류
지속하다	1	PERIOD	기간경과
감축하다	1	UNCLASSIFIED	미분류
대차하다	1	CONTRACT	계약위탁
위축되다	1	UNCLASSIFIED	미분류
기명하다	1	UNCLASSIFIED	미분류
출납하다	1	UNCLASSIFIED	미분류
환송하다	1	UNCLASSIFIED	미분류
압류되다	1	UNCLASSIFIED	미분류
기탁하다	1	UNCLASSIFIED	미분류
임박하다	1	UNCLASSIFIED	미분류
철하다	1	UNCLASSIFIED	미분류
병용하다	1	UNCLASSIFIED	미분류
